1665703655000,8446000000,-112.835100,MVN
1665703655000,8440000000,-111.049400,MRO
1665703655000,8407000000,-123.021400,M01O
1665703655000,25900000000,-90.918500,JWST
1665703655000,2270000000,-120.245900,JWST
1665703655000,2271000000,-102.615500,LRO
1665703655000,8404000000,-124.985600,JNO
1665703665000,8446000000,-112.848700,MVN
1665703665000,8440000000,-111.056100,MRO
1665703665000,8407000000,-123.051600,M01O
1665703665000,25900000000,-90.911200,JWST
1665703665000,2270000000,-120.229400,JWST
1665703665000,2271000000,-102.580800,LRO
1665703665000,8404000000,-125.056000,JNO
1665703675000,8446000000,-112.863400,MVN
1665703675000,8440000000,-111.011200,MRO
1665703675000,8407000000,-122.962100,M01O
1665703675000,25900000000,-90.903800,JWST
1665703675000,2270000000,-120.454500,JWST
1665703675000,2271000000,-102.566400,LRO
1665703675000,8404000000,-125.123900,JNO
1665703685000,8446000000,-112.913800,MVN
1665703685000,8440000000,-110.949400,MRO
1665703685000,8407000000,-122.966100,M01O
1665703685000,25900000000,-90.912100,JWST
1665703685000,2270000000,-120.455100,JWST
1665703685000,2271000000,-102.643700,LRO
1665703685000,8404000000,-124.997300,JNO
1665703695000,8446000000,-112.903200,MVN
1665703695000,8440000000,-110.972800,MRO
1665703695000,8407000000,-122.972400,M01O
1665703695000,25900000000,-90.876600,JWST
1665703695000,2270000000,-120.461000,JWST
1665703695000,2271000000,-102.459000,LRO
1665703695000,8404000000,-125.014900,JNO
1665703705000,8446000000,-112.931000,MVN
1665703705000,8440000000,-110.985700,MRO
1665703705000,8407000000,-122.926400,M01O
1665703705000,25900000000,-90.911300,JWST
1665703705000,2270000000,-120.055300,JWST
1665703705000,2271000000,-102.487900,LRO
1665703705000,8404000000,-124.985500,JNO
1665703715000,8446000000,-112.873900,MVN
1665703715000,8440000000,-110.973300,MRO
1665703715000,8407000000,-122.935500,M01O
1665703715000,25900000000,-90.888100,JWST
1665703715000,2270000000,-120.092700,JWST
1665703715000,2271000000,-102.190800,LRO
1665703715000,8404000000,-125.006300,JNO
1665703725000,8446000000,-112.818500,MVN
1665703725000,8440000000,-110.922200,MRO
1665703725000,8407000000,-122.860500,M01O
1665703725000,25900000000,-90.903600,JWST
1665703725000,2270000000,-120.050800,JWST
1665703725000,2271000000,-102.372300,LRO
1665703725000,8404000000,-125.050700,JNO
1665703735000,8446000000,-112.896700,MVN
1665703735000,8440000000,-110.926900,MRO
1665703735000,8407000000,-122.900200,M01O
1665703735000,25900000000,-90.883900,JWST
1665703735000,2270000000,-120.269300,JWST
1665703735000,2271000000,-102.264400,LRO
1665703735000,8404000000,-125.076300,JNO
1665703745000,8446000000,-112.917200,MVN
1665703745000,8440000000,-110.893900,MRO
1665703745000,8407000000,-122.757500,M01O
1665703745000,25900000000,-90.877400,JWST
1665703745000,2270000000,-120.317400,JWST
1665703745000,2271000000,-102.649500,LRO
1665703745000,8404000000,-124.978400,JNO
1665703755000,8446000000,-112.913000,MVN
1665703755000,8440000000,-110.902800,MRO
1665703755000,8407000000,-122.848200,M01O
1665703755000,25900000000,-90.879400,JWST
1665703755000,2270000000,-120.359300,JWST
1665703755000,2271000000,-102.601800,LRO
1665703755000,8404000000,-125.022300,JNO
1665703765000,8446000000,-112.847900,MVN
1665703765000,8440000000,-110.852400,MRO
1665703765000,8407000000,-122.822300,M01O
1665703765000,25900000000,-90.876200,JWST
1665703765000,2270000000,-120.277700,JWST
1665703765000,2271000000,-102.739400,LRO
1665703765000,8404000000,-125.133300,JNO
1665703780000,8446000000,-112.892200,MVN
1665703780000,8440000000,-110.908700,MRO
1665703780000,8407000000,-122.886000,M01O
1665703780000,25900000000,-90.906200,JWST
1665703780000,2270000000,-120.306900,JWST
1665703780000,2271000000,-102.597400,LRO
1665703780000,8404000000,-125.135100,JNO
1665703790000,8446000000,-112.806900,MVN
1665703790000,8440000000,-110.925200,MRO
1665703790000,8407000000,-122.921800,M01O
1665703790000,25900000000,-90.877600,JWST
1665703790000,2270000000,-120.152300,JWST
1665703790000,2271000000,-102.552600,LRO
1665703790000,8404000000,-125.072800,JNO
1665703800000,8446000000,-112.825200,MVN
1665703800000,8440000000,-110.933900,MRO
1665703800000,8407000000,-123.034000,M01O
1665703800000,25900000000,-90.869800,JWST
1665703800000,2270000000,-120.136500,JWST
1665703800000,2271000000,-102.742300,LRO
1665703800000,8404000000,-125.014300,JNO
1665703810000,8446000000,-112.855400,MVN
1665703810000,8440000000,-111.026400,MRO
1665703810000,8407000000,-122.925200,M01O
1665703810000,25900000000,-90.877700,JWST
1665703810000,2270000000,-120.144100,JWST
1665703810000,2271000000,-102.650800,LRO
1665703810000,8404000000,-125.016300,JNO
1665703820000,8446000000,-112.951000,MVN
1665703820000,8440000000,-111.052300,MRO
1665703820000,8407000000,-122.992700,M01O
1665703820000,25900000000,-90.914500,JWST
1665703820000,2270000000,-120.472100,JWST
1665703820000,2271000000,-102.556900,LRO
1665703820000,8404000000,-124.982900,JNO
1665703830000,8446000000,-112.951800,MVN
1665703830000,8440000000,-111.017800,MRO
1665703830000,8407000000,-122.909200,M01O
1665703830000,25900000000,-90.885400,JWST
1665703830000,2270000000,-120.476400,JWST
1665703830000,2271000000,-102.590500,LRO
1665703830000,8404000000,-124.943000,JNO
1665703840000,8446000000,-112.915600,MVN
1665703840000,8440000000,-110.938500,MRO
1665703840000,8407000000,-122.826500,M01O
1665703840000,25900000000,-90.918100,JWST
1665703840000,2270000000,-120.469100,JWST
1665703840000,2271000000,-102.923300,LRO
1665703840000,8404000000,-124.936100,JNO
1665703850000,8446000000,-112.969900,MVN
1665703850000,8440000000,-110.981900,MRO
1665703850000,8407000000,-122.860000,M01O
1665703850000,25900000000,-90.910500,JWST
1665703850000,2270000000,-119.654900,JWST
1665703850000,2271000000,-102.849200,LRO
1665703850000,8404000000,-124.924500,JNO
1665703860000,8446000000,-112.898000,MVN
1665703860000,8440000000,-111.036100,MRO
1665703860000,8407000000,-122.901400,M01O
1665703860000,25900000000,-90.904800,JWST
1665703860000,2270000000,-119.633400,JWST
1665703860000,2271000000,-102.887400,LRO
1665703860000,8404000000,-125.048800,JNO
1665703870000,8446000000,-112.888600,MVN
1665703870000,8440000000,-110.914100,MRO
1665703870000,8407000000,-122.953800,M01O
1665703870000,25900000000,-90.937000,JWST
1665703870000,2270000000,-119.643600,JWST
1665703870000,2271000000,-102.832300,LRO
1665703870000,8404000000,-125.117100,JNO
1665703880000,8446000000,-112.794300,MVN
1665703880000,8440000000,-111.033400,MRO
1665703880000,8407000000,-122.904100,M01O
1665703880000,25900000000,-90.920100,JWST
1665703880000,2270000000,-120.473600,JWST
1665703880000,2271000000,-102.883700,LRO
1665703880000,8404000000,-125.068900,JNO
1665703890000,8446000000,-112.766700,MVN
1665703890000,8440000000,-110.943200,MRO
1665703890000,8407000000,-122.879400,M01O
1665703890000,25900000000,-90.904400,JWST
1665703890000,2270000000,-120.428700,JWST
1665703890000,2271000000,-102.867200,LRO
1665703890000,8404000000,-125.033400,JNO
1665703900000,8446000000,-112.803900,MVN
1665703900000,8440000000,-111.003100,MRO
1665703900000,8407000000,-122.918000,M01O
1665703900000,25900000000,-90.896400,JWST
1665703900000,2270000000,-120.411100,JWST
1665703900000,2271000000,-102.607700,LRO
1665703900000,8404000000,-125.056500,JNO
1665703910000,8446000000,-112.800800,MVN
1665703910000,8440000000,-110.998800,MRO
1665703910000,8407000000,-122.910300,M01O
1665703910000,25900000000,-90.890500,JWST
1665703910000,2270000000,-120.448300,JWST
1665703910000,2271000000,-102.644400,LRO
1665703910000,8404000000,-124.983500,JNO
1665703920000,8446000000,-112.823400,MVN
1665703920000,8440000000,-110.988100,MRO
1665703920000,8407000000,-122.917500,M01O
1665703920000,25900000000,-90.889200,JWST
1665703920000,2270000000,-120.462200,JWST
1665703920000,2271000000,-102.746300,LRO
1665703920000,8404000000,-124.974000,JNO
1665703930000,8446000000,-112.894900,MVN
1665703930000,8440000000,-110.998600,MRO
1665703930000,8407000000,-122.947700,M01O
1665703930000,25900000000,-90.857300,JWST
1665703930000,2270000000,-120.443100,JWST
1665703930000,2271000000,-102.522400,LRO
1665703930000,8404000000,-124.885700,JNO
1665703945000,8446000000,-112.810300,MVN
1665703945000,8440000000,-111.018400,MRO
1665703945000,8407000000,-122.987900,M01O
1665703945000,25900000000,-90.896200,JWST
1665703945000,2270000000,-120.400100,JWST
1665703945000,2271000000,-102.411000,LRO
1665703945000,8404000000,-124.928900,JNO
1665703955000,8446000000,-112.761400,MVN
1665703955000,8440000000,-111.025200,MRO
1665703955000,8407000000,-123.018500,M01O
1665703955000,25900000000,-90.871900,JWST
1665703955000,2270000000,-120.425900,JWST
1665703955000,2271000000,-102.327700,LRO
1665703955000,8404000000,-124.941200,JNO
1665703965000,8446000000,-112.764800,MVN
1665703965000,8440000000,-111.026000,MRO
1665703965000,8407000000,-123.043000,M01O
1665703965000,25900000000,-90.886800,JWST
1665703965000,2270000000,-120.437300,JWST
1665703965000,2271000000,-102.128500,LRO
1665703965000,8404000000,-125.023600,JNO
1665703975000,8446000000,-112.782500,MVN
1665703975000,8440000000,-111.035200,MRO
1665703975000,8407000000,-123.053700,M01O
1665703975000,25900000000,-90.888200,JWST
1665703975000,2270000000,-120.237900,JWST
1665703975000,2271000000,-102.192300,LRO
1665703975000,8404000000,-125.014600,JNO
1665703985000,8446000000,-112.781400,MVN
1665703985000,8440000000,-110.989200,MRO
1665703985000,8407000000,-122.996100,M01O
1665703985000,25900000000,-90.884400,JWST
1665703985000,2270000000,-120.259800,JWST
1665703985000,2271000000,-102.572000,LRO
1665703985000,8404000000,-125.029600,JNO
1665703995000,8446000000,-112.773700,MVN
1665703995000,8440000000,-110.956700,MRO
1665703995000,8407000000,-122.920200,M01O
1665703995000,25900000000,-90.884000,JWST
1665703995000,2270000000,-120.264200,JWST
1665703995000,2271000000,-102.739900,LRO
1665703995000,8404000000,-125.085000,JNO
1665704005000,8446000000,-112.718800,MVN
1665704005000,8440000000,-110.943100,MRO
1665704005000,8407000000,-122.894700,M01O
1665704005000,25900000000,-90.881900,JWST
1665704005000,2270000000,-120.559000,JWST
1665704005000,2271000000,-102.603700,LRO
1665704005000,8404000000,-124.971500,JNO
1665704015000,8446000000,-112.776100,MVN
1665704015000,8440000000,-110.954400,MRO
1665704015000,8407000000,-122.873400,M01O
1665704015000,25900000000,-90.837000,JWST
1665704015000,2270000000,-120.595200,JWST
1665704015000,2271000000,-102.361200,LRO
1665704015000,8404000000,-124.957800,JNO
1665704025000,8446000000,-112.851300,MVN
1665704025000,8440000000,-110.972100,MRO
1665704025000,8407000000,-122.948500,M01O
1665704025000,25900000000,-90.889700,JWST
1665704025000,2270000000,-120.571300,JWST
1665704025000,2271000000,-102.289000,LRO
1665704025000,8404000000,-124.986300,JNO
1665704035000,8446000000,-112.843300,MVN
1665704035000,8440000000,-110.954300,MRO
1665704035000,8407000000,-122.916800,M01O
1665704035000,25900000000,-90.923900,JWST
1665704035000,2270000000,-120.230200,JWST
1665704035000,2271000000,-102.411200,LRO
1665704035000,8404000000,-124.900100,JNO
1665704045000,8446000000,-112.802200,MVN
1665704045000,8440000000,-110.926000,MRO
1665704045000,8407000000,-122.984200,M01O
1665704045000,25900000000,-90.897100,JWST
1665704045000,2270000000,-120.276900,JWST
1665704045000,2271000000,-102.611500,LRO
1665704045000,8404000000,-125.004300,JNO
1665704055000,8446000000,-112.834200,MVN
1665704055000,8440000000,-110.930500,MRO
1665704055000,8407000000,-123.073000,M01O
1665704055000,25900000000,-90.891600,JWST
1665704055000,2270000000,-120.380300,JWST
1665704055000,2271000000,-102.589500,LRO
1665704055000,8404000000,-125.040300,JNO
1665704065000,8446000000,-112.814100,MVN
1665704065000,8440000000,-110.920600,MRO
1665704065000,8407000000,-123.062200,M01O
1665704065000,25900000000,-90.879400,JWST
1665704065000,2270000000,-126.256700,JWST
1665704065000,2271000000,-102.604300,LRO
1665704065000,8404000000,-125.039400,JNO
1665704075000,8446000000,-112.840700,MVN
1665704075000,8440000000,-110.938000,MRO
1665704075000,8407000000,-122.982000,M01O
1665704075000,25900000000,-90.895700,JWST
1665704075000,2270000000,-126.219000,JWST
1665704075000,2271000000,-102.786100,LRO
1665704075000,8404000000,-125.019900,JNO
1665704090000,8446000000,-112.891400,MVN
1665704090000,8440000000,-110.940100,MRO
1665704090000,8407000000,-123.099900,M01O
1665704090000,25900000000,-90.894400,JWST
1665704090000,2270000000,-120.849200,JWST
1665704090000,2271000000,-102.633300,LRO
1665704090000,8404000000,-125.026100,JNO
1665704100000,8446000000,-112.876500,MVN
1665704100000,8440000000,-110.938700,MRO
1665704100000,8407000000,-123.086400,M01O
1665704100000,25900000000,-90.891200,JWST
1665704100000,2270000000,-120.787100,JWST
1665704100000,2271000000,-102.637300,LRO
1665704100000,8404000000,-124.975800,JNO
1665704110000,8446000000,-112.873400,MVN
1665704110000,8440000000,-111.017000,MRO
1665704110000,8407000000,-122.982000,M01O
1665704110000,25900000000,-90.895400,JWST
1665704110000,2270000000,-120.753400,JWST
1665704110000,2271000000,-102.676300,LRO
1665704110000,8404000000,-124.889700,JNO
1665704120000,8446000000,-112.893300,MVN
1665704120000,8440000000,-110.997700,MRO
1665704120000,8407000000,-122.907000,M01O
1665704120000,25900000000,-90.885700,JWST
1665704120000,2270000000,-121.441500,JWST
1665704120000,2271000000,-102.534400,LRO
1665704120000,8404000000,-124.918700,JNO
1665704130000,8446000000,-112.899500,MVN
1665704130000,8440000000,-110.982200,MRO
1665704130000,8407000000,-122.992100,M01O
1665704130000,25900000000,-90.930500,JWST
1665704130000,2270000000,-120.883400,JWST
1665704130000,2271000000,-102.429600,LRO
1665704130000,8404000000,-124.913400,JNO
1665704140000,8446000000,-112.879900,MVN
1665704140000,8440000000,-110.983600,MRO
1665704140000,8407000000,-123.087800,M01O
1665704140000,25900000000,-90.893000,JWST
1665704140000,2270000000,-120.895100,JWST
1665704140000,2271000000,-102.814200,LRO
1665704140000,8404000000,-124.988100,JNO
1665704150000,8446000000,-112.791700,MVN
1665704150000,8440000000,-110.982000,MRO
1665704150000,8407000000,-123.056500,M01O
1665704150000,25900000000,-90.899900,JWST
1665704150000,2270000000,-120.085700,JWST
1665704150000,2271000000,-102.977800,LRO
1665704150000,8404000000,-124.971900,JNO
1665704160000,8446000000,-112.831600,MVN
1665704160000,8440000000,-110.990800,MRO
1665704160000,8407000000,-123.089100,M01O
1665704160000,25900000000,-90.892900,JWST
1665704160000,2270000000,-120.115800,JWST
1665704160000,2271000000,-102.846100,LRO
1665704160000,8404000000,-124.974100,JNO
1665704170000,8446000000,-112.827700,MVN
1665704170000,8440000000,-110.983600,MRO
1665704170000,8407000000,-123.125600,M01O
1665704170000,25900000000,-90.880700,JWST
1665704170000,2270000000,-120.069700,JWST
1665704170000,2271000000,-102.352000,LRO
1665704170000,8404000000,-124.924800,JNO
1665704180000,8446000000,-112.929200,MVN
1665704180000,8440000000,-110.946300,MRO
1665704180000,8407000000,-123.063500,M01O
1665704180000,25900000000,-90.887100,JWST
1665704180000,2270000000,-120.238600,JWST
1665704180000,2271000000,-102.399700,LRO
1665704180000,8404000000,-125.002600,JNO
1665704190000,8446000000,-112.838100,MVN
1665704190000,8440000000,-110.943100,MRO
1665704190000,8407000000,-123.062700,M01O
1665704190000,25900000000,-90.891400,JWST
1665704190000,2270000000,-120.224800,JWST
1665704190000,2271000000,-102.556400,LRO
1665704190000,8404000000,-124.965100,JNO
1665704200000,8446000000,-112.814700,MVN
1665704200000,8440000000,-110.984600,MRO
1665704200000,8407000000,-122.978900,M01O
1665704200000,25900000000,-90.897700,JWST
1665704200000,2270000000,-120.196000,JWST
1665704200000,2271000000,-102.097500,LRO
1665704200000,8404000000,-124.970600,JNO
1665704210000,8446000000,-112.798000,MVN
1665704210000,8440000000,-110.967900,MRO
1665704210000,8407000000,-122.948100,M01O
1665704210000,25900000000,-90.896100,JWST
1665704210000,2270000000,-120.177900,JWST
1665704210000,2271000000,-102.139700,LRO
1665704210000,8404000000,-125.085700,JNO
1665704225000,8446000000,-112.804800,MVN
1665704225000,8440000000,-110.936700,MRO
1665704225000,8407000000,-122.935400,M01O
1665704225000,25900000000,-90.852300,JWST
1665704225000,2270000000,-120.173700,JWST
1665704225000,2271000000,-102.998500,LRO
1665704225000,8404000000,-125.035200,JNO
1665704235000,8446000000,-112.792400,MVN
1665704235000,8440000000,-110.934300,MRO
1665704235000,8407000000,-122.937900,M01O
1665704235000,25900000000,-90.843900,JWST
1665704235000,2270000000,-120.171800,JWST
1665704235000,2271000000,-102.651000,LRO
1665704235000,8404000000,-124.934200,JNO
1665704245000,8446000000,-112.886100,MVN
1665704245000,8440000000,-110.875100,MRO
1665704245000,8407000000,-122.933700,M01O
1665704245000,25900000000,-90.869700,JWST
1665704245000,2270000000,-120.075700,JWST
1665704245000,2271000000,-102.651100,LRO
1665704245000,8404000000,-124.921900,JNO
1665704255000,8446000000,-112.900500,MVN
1665704255000,8440000000,-110.901000,MRO
1665704255000,8407000000,-122.966000,M01O
1665704255000,25900000000,-90.877400,JWST
1665704255000,2270000000,-120.051200,JWST
1665704255000,2271000000,-102.211900,LRO
1665704255000,8404000000,-124.991200,JNO
1665704265000,8446000000,-112.898600,MVN
1665704265000,8440000000,-110.909800,MRO
1665704265000,8407000000,-122.930600,M01O
1665704265000,25900000000,-90.872500,JWST
1665704265000,2270000000,-120.060900,JWST
1665704265000,2271000000,-102.630000,LRO
1665704265000,8404000000,-124.959900,JNO
1665704275000,8446000000,-112.769700,MVN
1665704275000,8440000000,-110.918300,MRO
1665704275000,8407000000,-122.922900,M01O
1665704275000,25900000000,-90.866600,JWST
1665704275000,2270000000,-120.355200,JWST
1665704275000,2271000000,-102.201900,LRO
1665704275000,8404000000,-124.903000,JNO
1665704285000,8446000000,-112.901100,MVN
1665704285000,8440000000,-110.913600,MRO
1665704285000,8407000000,-122.991000,M01O
1665704285000,25900000000,-90.876100,JWST
1665704285000,2270000000,-120.327600,JWST
1665704285000,2271000000,-102.054900,LRO
1665704285000,8404000000,-125.009100,JNO
1665704295000,8446000000,-112.875500,MVN
1665704295000,8440000000,-110.890400,MRO
1665704295000,8407000000,-122.989200,M01O
1665704295000,25900000000,-90.888800,JWST
1665704295000,2270000000,-120.325100,JWST
1665704295000,2271000000,-102.122700,LRO
1665704295000,8404000000,-125.050200,JNO
1665704305000,8446000000,-112.855700,MVN
1665704305000,8440000000,-110.918500,MRO
1665704305000,8407000000,-123.010500,M01O
1665704305000,25900000000,-90.875100,JWST
1665704305000,2270000000,-120.308400,JWST
1665704305000,2271000000,-102.251700,LRO
1665704305000,8404000000,-125.080300,JNO
1665704315000,8446000000,-112.805200,MVN
1665704315000,8440000000,-110.912000,MRO
1665704315000,8407000000,-123.001800,M01O
1665704315000,25900000000,-90.863900,JWST
1665704315000,2270000000,-120.253100,JWST
1665704315000,2271000000,-102.331000,LRO
1665704315000,8404000000,-125.120100,JNO
1665704325000,8446000000,-112.759700,MVN
1665704325000,8440000000,-110.927800,MRO
1665704325000,8407000000,-122.981500,M01O
1665704325000,25900000000,-90.862600,JWST
1665704325000,2270000000,-120.283200,JWST
1665704325000,2271000000,-102.330200,LRO
1665704325000,8404000000,-125.058200,JNO
1665704335000,8446000000,-112.839900,MVN
1665704335000,8440000000,-110.957300,MRO
1665704335000,8407000000,-122.988500,M01O
1665704335000,25900000000,-90.880300,JWST
1665704335000,2270000000,-120.216800,JWST
1665704335000,2271000000,-102.325100,LRO
1665704335000,8404000000,-125.130900,JNO
1665704345000,8446000000,-112.826100,MVN
1665704345000,8440000000,-110.885900,MRO
1665704345000,8407000000,-122.951300,M01O
1665704345000,25900000000,-90.856300,JWST
1665704345000,2270000000,-120.200500,JWST
1665704345000,2271000000,-102.917600,LRO
1665704345000,8404000000,-124.983300,JNO
1665704360000,8446000000,-112.715800,MVN
1665704360000,8440000000,-110.872100,MRO
1665704360000,8407000000,-122.921000,M01O
1665704360000,25900000000,-90.848900,JWST
1665704360000,2270000000,-120.243900,JWST
1665704360000,2271000000,-102.820400,LRO
1665704360000,8404000000,-124.970000,JNO
1665704370000,8446000000,-112.722700,MVN
1665704370000,8440000000,-110.887400,MRO
1665704370000,8407000000,-123.009100,M01O
1665704370000,25900000000,-90.845200,JWST
1665704370000,2270000000,-120.234400,JWST
1665704370000,2271000000,-102.816600,LRO
1665704370000,8404000000,-124.912100,JNO
1665704380000,8446000000,-112.746700,MVN
1665704380000,8440000000,-111.002000,MRO
1665704380000,8407000000,-123.011400,M01O
1665704380000,25900000000,-90.839900,JWST
1665704380000,2270000000,-120.250100,JWST
1665704380000,2271000000,-102.875200,LRO
1665704380000,8404000000,-125.038800,JNO
1665704390000,8446000000,-112.722900,MVN
1665704390000,8440000000,-111.008400,MRO
1665704390000,8407000000,-123.011100,M01O
1665704390000,25900000000,-90.883500,JWST
1665704390000,2270000000,-120.180700,JWST
1665704390000,2271000000,-102.693700,LRO
1665704390000,8404000000,-125.025100,JNO
1665704400000,8446000000,-112.761000,MVN
1665704400000,8440000000,-111.010300,MRO
1665704400000,8407000000,-122.987500,M01O
1665704400000,25900000000,-90.858500,JWST
1665704400000,2270000000,-120.207800,JWST
1665704400000,2271000000,-102.691100,LRO
1665704400000,8404000000,-124.975100,JNO
1665704410000,8446000000,-112.744700,MVN
1665704410000,8440000000,-110.922900,MRO
1665704410000,8407000000,-123.018800,M01O
1665704410000,25900000000,-90.862400,JWST
1665704410000,2270000000,-120.171800,JWST
1665704410000,2271000000,-103.262300,LRO
1665704410000,8404000000,-124.997300,JNO
1665704420000,8446000000,-112.695500,MVN
1665704420000,8440000000,-110.933400,MRO
1665704420000,8407000000,-122.997100,M01O
1665704420000,25900000000,-90.846800,JWST
1665704420000,2270000000,-120.179300,JWST
1665704420000,2271000000,-103.657100,LRO
1665704420000,8404000000,-125.025100,JNO
1665704430000,8446000000,-112.720200,MVN
1665704430000,8440000000,-110.926500,MRO
1665704430000,8407000000,-122.995000,M01O
1665704430000,25900000000,-90.871000,JWST
1665704430000,2270000000,-120.197000,JWST
1665704430000,2271000000,-103.331300,LRO
1665704430000,8404000000,-124.976000,JNO
1665704440000,8446000000,-112.714100,MVN
1665704440000,8440000000,-110.932200,MRO
1665704440000,8407000000,-122.968200,M01O
1665704440000,25900000000,-90.868900,JWST
1665704440000,2270000000,-120.181200,JWST
1665704440000,2271000000,-102.265100,LRO
1665704440000,8404000000,-124.998600,JNO
1665704450000,8446000000,-112.809300,MVN
1665704450000,8440000000,-110.931100,MRO
1665704450000,8407000000,-123.007400,M01O
1665704450000,25900000000,-90.890200,JWST
1665704450000,2270000000,-120.279600,JWST
1665704450000,2271000000,-102.378300,LRO
1665704450000,8404000000,-124.945800,JNO
1665704460000,8446000000,-112.755700,MVN
1665704460000,8440000000,-110.924000,MRO
1665704460000,8407000000,-122.943000,M01O
1665704460000,25900000000,-90.872800,JWST
1665704460000,2270000000,-120.285300,JWST
1665704460000,2271000000,-102.843000,LRO
1665704460000,8404000000,-124.973200,JNO
1665704470000,8446000000,-112.732700,MVN
1665704470000,8440000000,-110.912600,MRO
1665704470000,8407000000,-123.018100,M01O
1665704470000,25900000000,-90.876100,JWST
1665704470000,2270000000,-120.264400,JWST
1665704470000,2271000000,-102.567200,LRO
1665704470000,8404000000,-125.012700,JNO
1665704480000,8446000000,-112.743500,MVN
1665704480000,8440000000,-110.896000,MRO
1665704480000,8407000000,-122.936300,M01O
1665704480000,25900000000,-90.874400,JWST
1665704480000,2270000000,-120.343900,JWST
1665704480000,2271000000,-102.553800,LRO
1665704480000,8404000000,-124.951800,JNO
1665704490000,8446000000,-112.779400,MVN
1665704490000,8440000000,-110.891500,MRO
1665704490000,8407000000,-122.940600,M01O
1665704490000,25900000000,-90.868400,JWST
1665704490000,2270000000,-120.328400,JWST
1665704490000,2271000000,-102.608800,LRO
1665704490000,8404000000,-125.003000,JNO
1665704505000,8446000000,-112.795900,MVN
1665704505000,8440000000,-110.876100,MRO
1665704505000,8407000000,-122.993700,M01O
1665704505000,25900000000,-90.871300,JWST
1665704505000,2270000000,-120.280300,JWST
1665704505000,2271000000,-102.814300,LRO
1665704505000,8404000000,-124.950800,JNO
1665704515000,8446000000,-112.829000,MVN
1665704515000,8440000000,-110.874000,MRO
1665704515000,8407000000,-122.963400,M01O
1665704515000,25900000000,-90.868400,JWST
1665704515000,2270000000,-120.245700,JWST
1665704515000,2271000000,-102.643800,LRO
1665704515000,8404000000,-125.042600,JNO
1665704525000,8446000000,-112.841000,MVN
1665704525000,8440000000,-110.944700,MRO
1665704525000,8407000000,-123.030000,M01O
1665704525000,25900000000,-90.853700,JWST
1665704525000,2270000000,-120.297700,JWST
1665704525000,2271000000,-103.206200,LRO
1665704525000,8404000000,-125.016500,JNO
1665704535000,8446000000,-112.859500,MVN
1665704535000,8440000000,-110.957600,MRO
1665704535000,8407000000,-123.090600,M01O
1665704535000,25900000000,-90.862300,JWST
1665704535000,2270000000,-120.321300,JWST
1665704535000,2271000000,-103.169600,LRO
1665704535000,8404000000,-125.040800,JNO
1665704545000,8446000000,-112.870200,MVN
1665704545000,8440000000,-110.971200,MRO
1665704545000,8407000000,-123.068900,M01O
1665704545000,25900000000,-90.861800,JWST
1665704545000,2270000000,-120.786400,JWST
1665704545000,2271000000,-103.335100,LRO
1665704545000,8404000000,-125.100700,JNO
1665704555000,8446000000,-112.931400,MVN
1665704555000,8440000000,-110.891400,MRO
1665704555000,8407000000,-123.021300,M01O
1665704555000,25900000000,-90.837700,JWST
1665704555000,2270000000,-120.818100,JWST
1665704555000,2271000000,-102.826200,LRO
1665704555000,8404000000,-124.959200,JNO
1665704565000,8446000000,-112.892900,MVN
1665704565000,8440000000,-110.887900,MRO
1665704565000,8407000000,-122.920700,M01O
1665704565000,25900000000,-90.824600,JWST
1665704565000,2270000000,-120.871700,JWST
1665704565000,2271000000,-102.295600,LRO
1665704565000,8404000000,-124.974400,JNO
1665704575000,8446000000,-112.897200,MVN
1665704575000,8440000000,-110.890100,MRO
1665704575000,8407000000,-122.950900,M01O
1665704575000,25900000000,-90.835900,JWST
1665704575000,2270000000,-120.289800,JWST
1665704575000,2271000000,-102.802000,LRO
1665704575000,8404000000,-125.012800,JNO
1665704585000,8446000000,-112.865500,MVN
1665704585000,8440000000,-110.912400,MRO
1665704585000,8407000000,-123.016400,M01O
1665704585000,25900000000,-90.851100,JWST
1665704585000,2270000000,-120.317800,JWST
1665704585000,2271000000,-102.074700,LRO
1665704585000,8404000000,-125.031800,JNO
1665704595000,8446000000,-112.847000,MVN
1665704595000,8440000000,-110.940400,MRO
1665704595000,8407000000,-123.033600,M01O
1665704595000,25900000000,-90.841500,JWST
1665704595000,2270000000,-120.215700,JWST
1665704595000,2271000000,-101.963300,LRO
1665704595000,8404000000,-125.091900,JNO
1665704605000,8446000000,-112.735200,MVN
1665704605000,8440000000,-110.918400,MRO
1665704605000,8407000000,-122.990000,M01O
1665704605000,25900000000,-90.834100,JWST
1665704605000,2270000000,-120.266300,JWST
1665704605000,2271000000,-101.984900,LRO
1665704605000,8404000000,-125.035800,JNO
1665704615000,8446000000,-112.767500,MVN
1665704615000,8440000000,-110.889600,MRO
1665704615000,8407000000,-122.982700,M01O
1665704615000,25900000000,-90.866000,JWST
1665704615000,2270000000,-120.315500,JWST
1665704615000,2271000000,-103.115500,LRO
1665704615000,8404000000,-124.979600,JNO
1665704625000,8446000000,-112.788300,MVN
1665704625000,8440000000,-110.906400,MRO
1665704625000,8407000000,-122.986600,M01O
1665704625000,25900000000,-90.871000,JWST
1665704625000,2270000000,-120.211300,JWST
1665704625000,2271000000,-102.695600,LRO
1665704625000,8404000000,-125.040900,JNO
1665704635000,8446000000,-112.781000,MVN
1665704635000,8440000000,-110.894500,MRO
1665704635000,8407000000,-123.005100,M01O
1665704635000,25900000000,-90.876300,JWST
1665704635000,2270000000,-120.253700,JWST
1665704635000,2271000000,-102.632000,LRO
1665704635000,8404000000,-124.966000,JNO
1665704650000,8446000000,-112.804900,MVN
1665704650000,8440000000,-110.937100,MRO
1665704650000,8407000000,-123.012100,M01O
1665704650000,25900000000,-90.891500,JWST
1665704650000,2270000000,-120.266900,JWST
1665704650000,2271000000,-102.750900,LRO
1665704650000,8404000000,-124.990000,JNO
1665704660000,8446000000,-112.906300,MVN
1665704660000,8440000000,-110.930600,MRO
1665704660000,8407000000,-123.099100,M01O
1665704660000,25900000000,-90.859300,JWST
1665704660000,2270000000,-120.304900,JWST
1665704660000,2271000000,-102.946800,LRO
1665704660000,8404000000,-124.933600,JNO
1665704670000,8446000000,-112.881000,MVN
1665704670000,8440000000,-110.926500,MRO
1665704670000,8407000000,-123.031300,M01O
1665704670000,25900000000,-90.865400,JWST
1665704670000,2270000000,-120.329900,JWST
1665704670000,2271000000,-102.803200,LRO
1665704670000,8404000000,-124.994100,JNO
1665704680000,8446000000,-112.856100,MVN
1665704680000,8440000000,-110.891500,MRO
1665704680000,8407000000,-123.025700,M01O
1665704680000,25900000000,-90.853800,JWST
1665704680000,2270000000,-120.322600,JWST
1665704680000,2271000000,-102.732700,LRO
1665704680000,8404000000,-124.961200,JNO
1665704690000,8446000000,-112.789000,MVN
1665704690000,8440000000,-110.883800,MRO
1665704690000,8407000000,-123.045900,M01O
1665704690000,25900000000,-90.867000,JWST
1665704690000,2270000000,-120.167600,JWST
1665704690000,2271000000,-102.761600,LRO
1665704690000,8404000000,-124.930100,JNO
1665704700000,8446000000,-112.817800,MVN
1665704700000,8440000000,-110.897500,MRO
1665704700000,8407000000,-123.069900,M01O
1665704700000,25900000000,-90.863000,JWST
1665704700000,2270000000,-120.153300,JWST
1665704700000,2271000000,-103.896300,LRO
1665704700000,8404000000,-124.990100,JNO
1665704710000,8446000000,-112.778500,MVN
1665704710000,8440000000,-110.955200,MRO
1665704710000,8407000000,-123.051300,M01O
1665704710000,25900000000,-90.873400,JWST
1665704710000,2270000000,-120.175200,JWST
1665704710000,2270000000,-137.345100,LRO
1665704710000,8404000000,-124.923400,JNO
1665704720000,8446000000,-112.732400,MVN
1665704720000,8440000000,-110.948900,MRO
1665704720000,8407000000,-123.055200,M01O
1665704720000,25900000000,-90.862000,JWST
1665704720000,2270000000,-120.233000,JWST
1665704720000,2271000000,-120.845300,LRO
1665704720000,8404000000,-124.958500,JNO
1665704730000,8446000000,-112.745600,MVN
1665704730000,8440000000,-110.935900,MRO
1665704730000,8407000000,-122.902800,M01O
1665704730000,25900000000,-90.840600,JWST
1665704730000,2270000000,-120.185200,JWST
1665704730000,2271000000,-128.905100,LRO
1665704730000,8404000000,-125.040700,JNO
1665704740000,8446000000,-112.736500,MVN
1665704740000,8440000000,-110.828400,MRO
1665704740000,8407000000,-122.859300,M01O
1665704740000,25900000000,-90.881800,JWST
1665704740000,2270000000,-120.282500,JWST
1665704740000,2271000000,-128.262200,LRO
1665704740000,8404000000,-125.032200,JNO
1665704750000,8446000000,-112.804700,MVN
1665704750000,8440000000,-110.846100,MRO
1665704750000,8407000000,-122.865500,M01O
1665704750000,25900000000,-90.857300,JWST
1665704750000,2270000000,-120.225800,JWST
1665704750000,2271000000,-128.262200,LRO
1665704750000,8404000000,-125.047300,JNO
1665704760000,8446000000,-112.820300,MVN
1665704760000,8440000000,-110.822600,MRO
1665704760000,8407000000,-122.972800,M01O
1665704760000,25900000000,-90.876200,JWST
1665704760000,2270000000,-120.248000,JWST
1665704760000,2271000000,-128.262200,LRO
1665704760000,8404000000,-125.059100,JNO
1665704770000,8446000000,-112.812700,MVN
1665704770000,8440000000,-110.890400,MRO
1665704770000,8407000000,-122.969300,M01O
1665704770000,25900000000,-90.850500,JWST
1665704770000,2270000000,-120.242400,JWST
1665704770000,2271000000,-128.262200,LRO
1665704770000,8404000000,-124.970800,JNO
1665704785000,8446000000,-112.716800,MVN
1665704785000,8440000000,-110.903300,MRO
1665704785000,8407000000,-123.054400,M01O
1665704785000,25900000000,-90.847900,JWST
1665704785000,2270000000,-120.112100,JWST
1665704785000,2271000000,-128.262200,LRO
1665704785000,8404000000,-125.020900,JNO
1665704795000,8446000000,-112.721400,MVN
1665704795000,8440000000,-110.871100,MRO
1665704795000,8407000000,-122.880300,M01O
1665704795000,25900000000,-90.857800,JWST
1665704795000,2270000000,-120.079000,JWST
1665704795000,2271000000,-128.262200,LRO
1665704795000,8404000000,-124.969600,JNO
1665704805000,8446000000,-112.717400,MVN
1665704805000,8440000000,-110.864600,MRO
1665704805000,8407000000,-122.908500,M01O
1665704805000,25900000000,-90.847000,JWST
1665704805000,2270000000,-120.092400,JWST
1665704805000,2271000000,-128.262200,LRO
1665704805000,8404000000,-125.083700,JNO
1665704815000,8446000000,-112.708200,MVN
1665704815000,8440000000,-110.890600,MRO
1665704815000,8407000000,-122.920100,M01O
1665704815000,25900000000,-90.869500,JWST
1665704815000,2270000000,-120.243900,JWST
1665704815000,2271000000,-128.262200,LRO
1665704815000,8404000000,-125.004800,JNO
1665704825000,8446000000,-112.759200,MVN
1665704825000,8440000000,-110.888900,MRO
1665704825000,8407000000,-122.990000,M01O
1665704825000,25900000000,-90.830100,JWST
1665704825000,2270000000,-120.305400,JWST
1665704825000,2271000000,-128.262200,LRO
1665704825000,8404000000,-125.016400,JNO
1665704835000,8446000000,-112.823000,MVN
1665704835000,8440000000,-110.878200,MRO
1665704835000,8407000000,-122.898900,M01O
1665704835000,25900000000,-90.862700,JWST
1665704835000,2270000000,-120.282500,JWST
1665704835000,2271000000,-128.262200,LRO
1665704835000,8404000000,-125.003100,JNO
1665704845000,8446000000,-112.829800,MVN
1665704845000,8440000000,-110.852900,MRO
1665704845000,8407000000,-122.797800,M01O
1665704845000,25900000000,-90.903700,JWST
1665704845000,2270000000,-120.087200,JWST
1665704845000,2271000000,-128.262200,LRO
1665704845000,8404000000,-124.991300,JNO
1665704855000,8446000000,-112.796000,MVN
1665704855000,8440000000,-110.861000,MRO
1665704855000,8407000000,-122.853000,M01O
1665704855000,25900000000,-90.877100,JWST
1665704855000,2270000000,-120.107800,JWST
1665704855000,2271000000,-128.262200,LRO
1665704855000,8404000000,-125.041400,JNO
1665704865000,8446000000,-112.798400,MVN
1665704865000,8440000000,-110.870500,MRO
1665704865000,8407000000,-122.922000,M01O
1665704865000,25900000000,-90.882600,JWST
1665704865000,2270000000,-120.126400,JWST
1665704865000,2271000000,-128.262200,LRO
1665704865000,8404000000,-125.092400,JNO
1665704875000,8446000000,-112.848700,MVN
1665704875000,8440000000,-110.875400,MRO
1665704875000,8407000000,-122.849600,M01O
1665704875000,25900000000,-90.886400,JWST
1665704875000,2270000000,-120.223100,JWST
1665704875000,2271000000,-128.262200,LRO
1665704875000,8404000000,-125.036900,JNO
1665704885000,8446000000,-112.882000,MVN
1665704885000,8440000000,-110.911600,MRO
1665704885000,8407000000,-122.959700,M01O
1665704885000,25900000000,-90.925800,JWST
1665704885000,2270000000,-120.193700,JWST
1665704885000,2271000000,-128.262200,LRO
1665704885000,8404000000,-125.018700,JNO
1665704895000,8446000000,-112.760900,MVN
1665704895000,8440000000,-110.941300,MRO
1665704895000,8407000000,-123.013100,M01O
1665704895000,25900000000,-90.867200,JWST
1665704895000,2270000000,-120.232300,JWST
1665704895000,2271000000,-128.262200,LRO
1665704895000,8404000000,-125.025000,JNO
1665704905000,8446000000,-112.813100,MVN
1665704905000,8440000000,-110.903400,MRO
1665704905000,8407000000,-122.936600,M01O
1665704905000,25900000000,-90.884000,JWST
1665704905000,2270000000,-120.096400,JWST
1665704905000,2271000000,-128.262200,LRO
1665704905000,8404000000,-124.990600,JNO
1665704920000,8446000000,-112.843900,MVN
1665704920000,8440000000,-110.887300,MRO
1665704920000,8407000000,-122.891300,M01O
1665704920000,25900000000,-90.860600,JWST
1665704920000,2270000000,-120.106300,JWST
1665704920000,2271000000,-128.262200,LRO
1665704920000,8404000000,-124.872700,JNO
1665704930000,8446000000,-112.812200,MVN
1665704930000,8440000000,-110.875000,MRO
1665704930000,8407000000,-122.898800,M01O
1665704930000,25900000000,-90.870600,JWST
1665704930000,2270000000,-120.246000,JWST
1665704930000,2271000000,-128.262200,LRO
1665704930000,8404000000,-124.931500,JNO
1665704940000,8446000000,-112.781900,MVN
1665704940000,8440000000,-110.899700,MRO
1665704940000,8407000000,-122.941700,M01O
1665704940000,25900000000,-90.882000,JWST
1665704940000,2270000000,-120.263100,JWST
1665704940000,2271000000,-128.262200,LRO
1665704940000,8404000000,-124.933500,JNO
1665704950000,8446000000,-112.816600,MVN
1665704950000,8440000000,-110.863800,MRO
1665704950000,8407000000,-123.055100,M01O
1665704950000,25900000000,-90.891100,JWST
1665704950000,2270000000,-120.241700,JWST
1665704950000,2271000000,-128.262200,LRO
1665704950000,8404000000,-124.951300,JNO
1665704960000,8446000000,-112.762200,MVN
1665704960000,8440000000,-110.847100,MRO
1665704960000,8407000000,-122.981400,M01O
1665704960000,25900000000,-90.906100,JWST
1665704960000,2270000000,-120.233500,JWST
1665704960000,2271000000,-128.262200,LRO
1665704960000,8404000000,-125.060200,JNO
1665704970000,8446000000,-112.769000,MVN
1665704970000,8440000000,-110.823800,MRO
1665704970000,8407000000,-122.937200,M01O
1665704970000,25900000000,-90.910000,JWST
1665704970000,2270000000,-120.240800,JWST
1665704970000,2271000000,-128.262200,LRO
1665704970000,8404000000,-125.041000,JNO
1665704980000,8446000000,-112.721000,MVN
1665704980000,8440000000,-110.848100,MRO
1665704980000,8407000000,-122.825300,M01O
1665704980000,25900000000,-90.897900,JWST
1665704980000,2270000000,-120.242900,JWST
1665704980000,2271000000,-128.262200,LRO
1665704980000,8404000000,-125.064600,JNO
1665704990000,8446000000,-112.766000,MVN
1665704990000,8440000000,-110.895200,MRO
1665704990000,8407000000,-122.897000,M01O
1665704990000,25900000000,-90.904000,JWST
1665704990000,2270000000,-120.296400,JWST
1665704990000,2271000000,-128.262200,LRO
1665704990000,8404000000,-124.982100,JNO
1665705000000,8446000000,-112.779300,MVN
1665705000000,8440000000,-110.856800,MRO
1665705000000,8407000000,-122.821800,M01O
1665705000000,25900000000,-90.867800,JWST
1665705000000,2270000000,-120.266300,JWST
1665705000000,2271000000,-128.262200,LRO
1665705000000,8404000000,-125.037200,JNO
1665705010000,8446000000,-112.805400,MVN
1665705010000,8440000000,-110.828900,MRO
1665705010000,8407000000,-122.953200,M01O
1665705010000,25900000000,-90.863400,JWST
1665705010000,2270000000,-120.255400,JWST
1665705010000,2271000000,-128.262200,LRO
1665705010000,8404000000,-124.959900,JNO
1665705020000,8446000000,-112.711300,MVN
1665705020000,8440000000,-110.833400,MRO
1665705020000,8407000000,-122.904100,M01O
1665705020000,25900000000,-90.861100,JWST
1665705020000,2270000000,-120.251700,JWST
1665705020000,2271000000,-128.262200,LRO
1665705020000,8404000000,-124.975200,JNO
1665705030000,8446000000,-112.700900,MVN
1665705030000,8440000000,-110.811500,MRO
1665705030000,8407000000,-122.874800,M01O
1665705030000,25900000000,-90.864800,JWST
1665705030000,2270000000,-120.299500,JWST
1665705030000,2271000000,-128.262200,LRO
1665705030000,8404000000,-125.048800,JNO
1665705040000,8446000000,-112.724100,MVN
1665705040000,8440000000,-110.826500,MRO
1665705040000,8407000000,-122.887000,M01O
1665705040000,25900000000,-90.844900,JWST
1665705040000,2270000000,-120.289200,JWST
1665705040000,2271000000,-128.262200,LRO
1665705040000,8404000000,-125.025600,JNO
1665705050000,8446000000,-112.716900,MVN
1665705050000,8440000000,-110.819800,MRO
1665705050000,8407000000,-122.840900,M01O
1665705050000,25900000000,-90.886800,JWST
1665705050000,2270000000,-120.314800,JWST
1665705050000,2271000000,-128.262200,LRO
1665705050000,8404000000,-124.999000,JNO
1665705060000,8446000000,-112.722600,MVN
1665705060000,8440000000,-110.792600,MRO
1665705060000,8407000000,-122.951500,M01O
1665705060000,25900000000,-90.881600,JWST
1665705060000,2270000000,-120.280800,JWST
1665705060000,2271000000,-128.262200,LRO
1665705060000,8404000000,-124.898700,JNO
1665705075000,8446000000,-112.770600,MVN
1665705075000,8440000000,-110.930800,MRO
1665705075000,8407000000,-122.953300,M01O
1665705075000,25900000000,-90.881400,JWST
1665705075000,2270000000,-120.232000,JWST
1665705075000,2271000000,-128.262200,LRO
1665705075000,8404000000,-124.918500,JNO
1665705085000,8446000000,-112.824500,MVN
1665705085000,8440000000,-110.937000,MRO
1665705085000,8407000000,-123.034600,M01O
1665705085000,25900000000,-90.869100,JWST
1665705085000,2270000000,-119.893700,JWST
1665705085000,2271000000,-128.262200,LRO
1665705085000,8404000000,-124.976400,JNO
1665705095000,8446000000,-112.827500,MVN
1665705095000,8440000000,-110.979700,MRO
1665705095000,8407000000,-123.007100,M01O
1665705095000,25900000000,-90.892100,JWST
1665705095000,2270000000,-119.872200,JWST
1665705095000,2271000000,-128.262200,LRO
1665705095000,8404000000,-125.002500,JNO
1665705105000,8446000000,-112.783600,MVN
1665705105000,8440000000,-110.964000,MRO
1665705105000,8407000000,-123.056800,M01O
1665705105000,25900000000,-90.891000,JWST
1665705105000,2270000000,-119.867200,JWST
1665705105000,2271000000,-128.262200,LRO
1665705105000,8404000000,-124.977400,JNO
1665705115000,8446000000,-112.694300,MVN
1665705115000,8440000000,-110.940100,MRO
1665705115000,8407000000,-123.037800,M01O
1665705115000,25900000000,-90.898500,JWST
1665705115000,2270000000,-120.162900,JWST
1665705115000,2271000000,-128.262200,LRO
1665705115000,8404000000,-124.952100,JNO
1665705125000,8446000000,-112.694500,MVN
1665705125000,8440000000,-110.862000,MRO
1665705125000,8407000000,-122.935600,M01O
1665705125000,25900000000,-90.869700,JWST
1665705125000,2270000000,-120.137700,JWST
1665705125000,2271000000,-128.262200,LRO
1665705125000,8404000000,-125.087900,JNO
